,001 Hearts
Whispers of Love
A Dance in the Moonlight
Forever Yours
Chasing Butterflies
Midnight Rendezvous
Letters From Across the Sea
Scent of a Woman
A Love from Another Life
Treasured Memories
Heartstrings
Love Beyond Borders
Whispers on the Wind
A Love like Ours
Always in My Heart
The Art of Kissing
The Secrets of Waterfall Island
Falling into Reality
Cabin in the Woods
Overcoming Grief
The Curse of Love
Blood Ties
Eternal Flames
Beyond the White Picket Fence
When Heroes Falter
The Heart That Loves
The Runaway Bride
Wildfire Romance
Bittersweet Embrace
Wrapped in Love
Love at First Flight
The Power of Love
The Game of Love
Summer in the Hamptons
Filling the Empty Spaces
Mending Hearts
Diamonds are Forever (and so is Love)
Last One Standing
Breaking the Promise
The Lady Next Door
The Bachelor's Dilemma
In Good Hands
Reflections of the Heart
A Soldier's Heart
From the Ashes
Heart of the Hunter
In Search of True Love
The Art of Finding Love
The Playboy's Heart
Passionate Dreams
A Heart Full of Romance
Chance Meeting
Traces of Forever
Compass of Love
The Love Vow
Unexpected Love
The Art of Forgiveness
Healed by Love
Sea of Love
The Promise of Forever
The Butterfly Effect
The Royal Romance
Forever and Always
The Forbidden Love
The Lion Tamer's Heart
The Sweetest Sound
In the Arms of Love
The Edge of Forever
Opposites Attract
The Heart of Time
Euphoria of Love
Fallen Hearts
Ride of a Lifetime
My Love From Afar
Breaking the Odds
Twist of Fate
A Leap of Faith
New Beginnings
The Final Goodbye
Beloved
Enchanting Melodies
Whispers on the Prairie
Sweet Oblivion
Love in the Afternoon
The Accidental Romance
The Stranger by the Lake
Never-ending Love
The Prince's Bride
The Bad Boy's Heart
I Promised Forever
Love at First Swipe
Taming the Billionaire
Wholehearted
Music in the Night
The Godmother's Love
The CEO's Heart
Blooming Hearts
A Second Chance at Love
Out of the Blue
Scent of Roses
Healed by a Kiss
Bold Affections
When Life Gives You Lemons
Heartbreak Hotel
The Last Song
The Hopeless Romantic
The Butterfly Effect
The Impossible Reality
The Unforgivable Lover
Hearts on a String
Haunted by Romance
Follow My Heart
Butterfly in Love
When Twice as Sweet
Woven Hearts
Love in the Puzzle
Aster and Ivy
The Mark of Love
The Firefly Artist
Where the Mystic Meets the Dark
The Lovebird's Guide to Happiness
The Heart of Miracles
Long-Distance Romance
Hate to Love You
Bloom Where You are Planted
Sailing to Magelan
The Hunter and His Prey
Love on the Rocks
Through the Rough
The Last Piece of My Heart
Serendipity's Gift
Someone to Kiss Before Christmas
The Princess and the Pirate
Lovers in the Wilderness
Written in the Stars
